"Sr. no.",ID,name,email,"Last logged","Last Searched",Qualification,Certificates,Achievements
1,180,student113,student113@mailinator.com,,,,,
2,176,"University of Calicut",use@yopmail.com,,,,,
3,172,student33,student33@mailinator.com,,,,,
4,171,stu,stu@yopmail.com,,,,,
5,170,"iam student",iamstudent@yopmail.com,"07 May, 2018",,,,
6,166,student21,student21@mailinator.com,,,,,
7,163,Archi,Archi@yopmail.com,"04 May, 2018","04 May, 2018",MCA,,"Qa Fresher"
8,158,testxcz,kkrt@yopmail.com,"02 May, 2018",,,,
9,143,"University of Delhi",delhi@mailinator.com,"30 April, 2018",,,,
10,139,Biswa,Biswa@yopmail.com,,,,,
